run_name,epoch,epoch_seconds,elapsed_seconds,elapsed_time,train_total,train_reconstruction,train_kl,train_value,val_total,val_reconstruction,val_kl,val_value
end_20k_303040_lvsvae_v1,1,1.8420057999901474,1.8420100000221282,00:00:02,0.17212823885679246,0.08920774003863334,0.40493819769658146,0.08251556049287319,0.1463109256029129,0.08435616034269333,0.6351810851097107,0.06131958419084549
end_20k_303040_lvsvae_v1,2,1.3294957000762224,3.1797142000868917,00:00:03,0.13773129588365554,0.07994167265295983,1.0423152215480804,0.056747308537364004,0.1298298773765564,0.07424187010526657,1.6344307518005372,0.05395357638597489
end_20k_303040_lvsvae_v1,3,1.8923268999205902,5.0753147000214085,00:00:05,0.1243236997127533,0.0710969924479723,1.708111955165863,0.051518594831228254,0.12063420081138611,0.06796338868141175,1.7773523902893067,0.05089345997571945
end_20k_303040_lvsvae_v1,4,1.4045621999539435,6.486124600050971,00:00:06,0.11596564549207687,0.06504344774782658,1.864408064842224,0.0490577893704176,0.1149479877948761,0.06232474416494369,1.9927586460113524,0.05063048404455185
end_20k_303040_lvsvae_v1,5,1.3985349000431597,7.890295900055207,00:00:08,0.10650206610560417,0.05708908672630787,2.1980519909858702,0.04721492727100849,0.10412943971157074,0.053579828977584835,2.288741470336914,0.04826086863875389
end_20k_303040_lvsvae_v1,6,1.5063650999218225,9.39959899999667,00:00:09,0.0997023769915104,0.05112124869227409,2.2895424032211302,0.04629158598184586,0.09855276012420654,0.04977518177032471,2.3146085777282717,0.046462969839572904
end_20k_303040_lvsvae_v1,7,1.374427100061439,10.778642700053751,00:00:11,0.09411012971401214,0.04666943584382534,2.4153433599472045,0.04502535046637058,0.0923707686662674,0.043749676644802095,2.5616158714294435,0.04605947637557983
end_20k_303040_lvsvae_v1,8,1.139901600079611,11.923019399982877,00:00:12,0.08926074454188347,0.04257171143591404,2.5536351404190065,0.04413539778441191,0.0907340213060379,0.04114681765437126,2.5791503582000734,0.04700805342197418
end_20k_303040_lvsvae_v1,9,1.4869919999036938,13.413878099992871,00:00:13,0.08540751564502716,0.039249392122030255,2.695858120918274,0.0434622652605176,0.0858552154302597,0.03751118743419647,2.7833255615234376,0.04556070250272751
end_20k_303040_lvsvae_v1,10,1.221661200048402,14.645708400057629,00:00:15,0.08170295774936676,0.036494306772947314,2.789691393852234,0.04241895949095487,0.08415518623590469,0.03588653975725174,2.8733364276885984,0.04539531022310257
end_20k_303040_lvsvae_v1,11,1.594285300001502,16.24503630003892,00:00:16,0.07936330470442772,0.03478737362474203,2.826258234024048,0.041749672643840316,0.08138202303647996,0.034395621329545975,2.84677481842041,0.044139626711606976
end_20k_303040_lvsvae_v1,12,1.3181455000303686,17.565998200094327,00:00:18,0.07792151722311974,0.03349942184984684,2.821556703567505,0.04160053879022598,0.07992063349485397,0.03312163206934929,2.7853384628295896,0.04401366305351257
end_20k_303040_lvsvae_v1,13,1.3554444999899715,18.927322200033814,00:00:19,0.07635168550908565,0.03242442268878221,2.8114803991317747,0.04111578218638897,0.07953537321090698,0.03240132538974285,2.8243774127960206,0.04430967009067535
end_20k_303040_lvsvae_v1,14,1.5253191000083461,20.45688140008133,00:00:20,0.07515680155158043,0.031836458273231984,2.8314189443588256,0.04048892422765493,0.07728134936094284,0.03174322240054608,2.909738857269287,0.042628387451171874
end_20k_303040_lvsvae_v1,15,1.31767989997752,21.77980760007631,00:00:22,0.07388315932452678,0.031180180601775645,2.828909867286682,0.039874068826436994,0.07612756437063217,0.030865696147084235,2.932208894729614,0.04232965874671936
end_20k_303040_lvsvae_v1,16,1.4012008999707177,23.186903099995106,00:00:23,0.07304370868206024,0.030584407225251197,2.8231809663772585,0.03963612081855535,0.07587101629376411,0.030371633902192115,2.8416199264526365,0.04265776227414608
end_20k_303040_lvsvae_v1,17,1.2771079000085592,24.469231700059026,00:00:24,0.07237707129120827,0.03003040722757578,2.806240589141846,0.03954042325541377,0.07522782230377198,0.03039094924926758,2.8181597900390627,0.04201871311664581
end_20k_303040_lvsvae_v1,18,1.5238563000457361,25.998497800086625,00:00:26,0.07205197705328464,0.029805511198937894,2.8200465726852415,0.03942641934007406,0.07538295525312423,0.030098222360014915,2.84328179359436,0.04244145095348358
end_20k_303040_lvsvae_v1,19,0.9994872000534087,26.998232900048606,00:00:27,0.07012013424932957,0.02919706206768751,2.841823956489563,0.03808124812692404,0.07416741389036179,0.029358312293887138,2.9366406078338625,0.0418724604845047
end_20k_303040_lvsvae_v1,20,1.2449022999498993,28.24665250000544,00:00:28,0.06953420279920101,0.028774985931813716,2.847341103553772,0.037911875516176224,0.07412171578407288,0.029225160151720046,2.8472361068725585,0.04204931920766831
end_20k_303040_lvsvae_v1,21,1.2350714999483898,29.48436280002352,00:00:29,0.06907227784395217,0.028538708902895452,2.8468216314315797,0.03768674736469984,0.07270070189237594,0.02853257319331169,2.906840196609497,0.04126128873229027
end_20k_303040_lvsvae_v1,22,1.303789500030689,30.792673800024204,00:00:31,0.06829556952416897,0.02808425585925579,2.8675783014297487,0.0373437352925539,0.07250088632106781,0.028302539601922035,2.8585337677001954,0.04133981317281723
end_20k_303040_lvsvae_v1,23,1.310229399939999,32.107769800000824,00:00:32,0.06833593475818633,0.02784833228588104,2.8642638082504273,0.03762333841249347,0.07467885547876359,0.028221282854676247,2.8769356994628907,0.04358063733577728
end_20k_303040_lvsvae_v1,24,1.0910019000293687,33.19907990004867,00:00:33,0.06717358529567719,0.027533893391489983,2.875856225967407,0.03676383546367288,0.07452073162794114,0.02864699886739254,2.9326718883514404,0.042941060304641725
end_20k_303040_lvsvae_v1,25,0.9226733000250533,34.12203070009127,00:00:34,0.06671320615708828,0.027319619975984095,2.872632979393005,0.03652095297724008,0.07223507487773895,0.027973149195313452,2.945173515319824,0.04131675201654434
end_20k_303040_lvsvae_v1,26,1.0057493000058457,35.133861000067554,00:00:35,0.06658015458285808,0.02715571229159832,2.8796508378982546,0.03654479130357504,0.07485730940103531,0.028128811553120612,2.9678616847991943,0.04376063552498818
end_20k_303040_lvsvae_v1,27,1.0304172000614926,36.16452950006351,00:00:36,0.06613215954601764,0.0268902332931757,2.876731909751892,0.036365194097161296,0.07448144096136093,0.028697868034243585,2.9052475032806395,0.04287832525372505
end_20k_303040_lvsvae_v1,28,0.986520400037989,37.15132010006346,00:00:37,0.06543844209611416,0.026706411980092524,2.8982576370239257,0.03583377239853144,0.07010903799533844,0.027064299002289773,2.9633502597808836,0.040081388264894484
end_20k_303040_lvsvae_v1,29,0.9508645999012515,38.105092599987984,00:00:38,0.06523108734190464,0.0263924857750535,2.9001995639801024,0.035938401583582164,0.0708066886663437,0.027155849933624267,2.9569215297698976,0.040693916857242586
end_20k_303040_lvsvae_v1,30,0.9489216000074521,39.0542539000744,00:00:39,0.06446442921459675,0.026172571197152137,2.908862964630127,0.035382994912564754,0.07093371677398681,0.02686156003177166,2.9690760231018065,0.041103080719709396
end_20k_303040_lvsvae_v1,31,0.686934299999848,39.74142239999492,00:00:40,0.06473167763650417,0.026139257110655307,2.925106746673584,0.035667313516139984,0.06960722240805627,0.02686761063337326,2.8871037197113036,0.03985250833630562
end_20k_303040_lvsvae_v1,32,1.0590683000627905,40.80328810005449,00:00:41,0.0640863729864359,0.026025820054113864,2.9072465667724607,0.03515330631285906,0.06928383874893189,0.026569826647639273,3.0124145221710203,0.03970159766077995
end_20k_303040_lvsvae_v1,33,1.189035400049761,41.99538970005233,00:00:42,0.06393104778230191,0.02588395008444786,2.9087989988327028,0.03513829860463739,0.06889990657567978,0.026525219842791558,2.9101801948547363,0.039464506193995476
end_20k_303040_lvsvae_v1,34,1.1720951999304816,43.17211769998539,00:00:43,0.06368397767841816,0.025646492190659047,2.906983695983887,0.03513050154224038,0.06881365406513214,0.026271969899535178,2.9662361640930177,0.03957544766366482
end_20k_303040_lvsvae_v1,35,0.990495300036855,44.16543280007318,00:00:44,0.06315843081474304,0.025514221504330636,2.909097170829773,0.034735112082213165,0.06908367022871971,0.0262445410490036,2.900132287979126,0.039938996344804766
end_20k_303040_lvsvae_v1,36,1.031387299997732,45.19711280008778,00:00:45,0.06292292919754983,0.025399766758084297,2.9132829675674436,0.03460987958684564,0.07013187968730926,0.026176045060157777,2.9431834259033205,0.041012650787830354
end_20k_303040_lvsvae_v1,37,0.9981605999637395,46.19557490001898,00:00:46,0.06286932297050953,0.025365740403532983,2.913905960083008,0.034589676342904566,0.0705110093653202,0.02610664115846157,2.984226535797119,0.0414201417863369
end_20k_303040_lvsvae_v1,38,1.1683913000160828,47.36425960005727,00:00:47,0.06257243286073208,0.025271683946251868,2.921010625839233,0.034379738368093965,0.07051010456681252,0.026001691669225693,2.9242323780059816,0.0415841805189848
end_20k_303040_lvsvae_v1,39,1.0000771000050008,48.36455749999732,00:00:48,0.06168482005596161,0.024996422246098517,2.9280255517959595,0.03376037220656872,0.0700264043211937,0.025854842066764833,2.9589228267669676,0.04121263951063156
end_20k_303040_lvsvae_v1,40,0.8621036000549793,49.22692020004615,00:00:49,0.06218802170455456,0.025041839428246022,2.917382870674133,0.034228799238801004,0.06820398086309433,0.025782469868659973,2.9408960723876953,0.03948061461746693
end_20k_303040_lvsvae_v1,41,1.2468522998970002,50.476652699988335,00:00:50,0.06118592521548271,0.02477432554960251,2.9260738496780396,0.03348552567884326,0.07169669157266617,0.026108477428555488,2.992264799118042,0.042595949575304985
end_20k_303040_lvsvae_v1,42,1.17363870004192,51.65053620003164,00:00:52,0.06107669025659561,0.024760589107871055,2.917822198867798,0.0333982791043818,0.06931530073285103,0.025259198397397997,3.0162189769744874,0.04103988260030746
end_20k_303040_lvsvae_v1,43,0.7607069000368938,52.411514900042675,00:00:52,0.061263190254569055,0.024725162595510483,2.9061867179870604,0.03363184054940939,0.07098392403125763,0.02553569807112217,2.939637866973877,0.04250858774781227
end_20k_303040_lvsvae_v1,44,0.7509510000236332,53.162611400010064,00:00:53,0.06105084052681923,0.02459892662614584,2.9208439531326293,0.0335310697928071,0.06894705301523209,0.02564211167395115,2.9245002326965333,0.04038044093549251
end_20k_303040_lvsvae_v1,45,0.7028841000283137,53.865743300062604,00:00:54,0.060390235766768455,0.024465792007744312,2.9224403867721556,0.033002002976834775,0.07027315238118172,0.025462991535663605,2.933046607971191,0.041877113834023476
end_20k_303040_lvsvae_v1,46,0.6608640999766067,54.527114600059576,00:00:55,0.06015756250917911,0.024390294648706914,2.929815990447998,0.032837451700121166,0.068548026740551,0.025070825353264808,2.9290284633636476,0.04054817245900631
end_20k_303040_lvsvae_v1,47,0.6465690000914037,55.17384450009558,00:00:55,0.06062650585174561,0.0244558946788311,2.9188711767196653,0.03325173979252577,0.06796241146326065,0.025113212987780572,2.9785149650573732,0.03987068298459053
end_20k_303040_lvsvae_v1,48,1.0886970999417827,56.2664197999984,00:00:56,0.06043606799840927,0.024336192220449446,2.9334375343322754,0.03316643800586462,0.0707204732298851,0.025605601355433463,2.993320613861084,0.042121551379561424
end_20k_303040_lvsvae_v1,49,0.9854287999914959,57.25200360000599,00:00:57,0.059643643647432326,0.02412776365876198,2.933288347244263,0.03258259156346321,0.06816042053699493,0.024870557770133018,2.958961757659912,0.040330900505185126
end_20k_303040_lvsvae_v1,50,0.7365048000356182,57.98872520006262,00:00:58,0.059443023338913915,0.0240410939976573,2.9112232122421267,0.032490706145763396,0.06734539899230003,0.02489351239800453,2.9325035705566407,0.03951938316226006
end_20k_303040_lvsvae_v1,51,1.0365392999956384,59.028061900055036,00:00:59,0.059342773124575615,0.023939995534718036,2.917868494987488,0.03248490893468261,0.06760570627450943,0.0248239423930645,2.9803451042175295,0.03980141872167587
end_20k_303040_lvsvae_v1,52,0.980892000021413,60.009105700068176,00:01:00,0.058597867652773854,0.023834915533661842,2.9315060892105103,0.031831445772200824,0.06814226347208023,0.02488098345696926,2.894622350692749,0.040366657435894016
end_20k_303040_lvsvae_v1,53,0.8172627999447286,60.82657040003687,00:01:01,0.059470241352915766,0.024001583628356457,2.917494976043701,0.032551162622869015,0.06730770269036293,0.024898948431015016,2.9389306659698486,0.03946982379257679
end_20k_303040_lvsvae_v1,54,1.2685288999928162,62.09906440007035,00:01:02,0.05849984714388847,0.02372932894527912,2.9348186101913454,0.03183569949865341,0.06789494755864144,0.024744071155786515,2.9326539707183836,0.04021822184324265
end_20k_303040_lvsvae_v1,55,0.9674085000297055,63.06671230006032,00:01:03,0.05873733687400818,0.02372135964781046,2.9175743141174317,0.0320984027646482,0.06813553404808044,0.024459149226546288,2.962106285095215,0.04071427863836288
end_20k_303040_lvsvae_v1,56,0.7042109000030905,63.77115380007308,00:01:04,0.05888709616661072,0.02366550316661596,2.910376534461975,0.03231121645122766,0.0679107940196991,0.02475869593024254,2.9581846466064454,0.04019391304254532
end_20k_303040_lvsvae_v1,57,0.8596701000351459,64.63098390004598,00:01:05,0.05833602565526962,0.023544540487229825,2.9407758541107176,0.031850709319114684,0.06874465784430504,0.024533896937966346,2.9458018226623537,0.04126495888829231
end_20k_303040_lvsvae_v1,58,1.1004810999147594,65.73168289999012,00:01:06,0.05780509215593338,0.023428124777972698,2.928599045753479,0.03144836815819144,0.06673273956775665,0.02461890083551407,2.9618830261230467,0.0391519553810358
end_20k_303040_lvsvae_v1,59,1.0667983000166714,66.80265620001592,00:01:07,0.058495430886745456,0.023457577377557756,2.931822343826294,0.032106031008064743,0.06698678159713745,0.024605875357985498,2.9452291660308836,0.03943567712604999
end_20k_303040_lvsvae_v1,60,1.1126477000070736,67.91552500007674,00:01:08,0.05741318035125732,0.023377793446183206,2.9317090997695923,0.03110367764160037,0.06656776988506317,0.024307369589805602,2.9677090358734133,0.03929269181191921
end_20k_303040_lvsvae_v1,61,1.282994500012137,69.20373000006657,00:01:09,0.05735114155709743,0.023304722391068934,2.932801488876343,0.031113617606461048,0.06756211084127427,0.024766401022672652,2.958868595123291,0.03983684128522873
end_20k_303040_lvsvae_v1,62,1.093912300071679,70.2978952000849,00:01:10,0.05792695206403732,0.02336163803935051,2.9292002296447754,0.03163611363805831,0.06621952903270721,0.02422388333082199,2.9365776348114014,0.039059068024158476
end_20k_303040_lvsvae_v1,63,0.9423751999856904,71.24539060005918,00:01:11,0.057006453648209575,0.023246464997529984,2.918924268722534,0.03084106421470642,0.06681272143125534,0.024079635441303253,2.972041711807251,0.03976104426383972
end_20k_303040_lvsvae_v1,64,0.9352466999553144,72.18089950003196,00:01:12,0.057551326394081115,0.023228777766227723,2.9346527547836305,0.03138789573311806,0.06656522923707962,0.02404288884997368,2.9296297817230226,0.03959271059930324
end_20k_303040_lvsvae_v1,65,0.6592422999674454,72.84037850005552,00:01:13,0.05700519521534443,0.023099009275436403,2.929682426452637,0.030976503629237415,0.06786231178045272,0.02406441593170166,2.9878112144470217,0.04081008444726467
end_20k_303040_lvsvae_v1,66,0.6576395999873057,73.49844019999728,00:01:13,0.05741059452295303,0.023132099978625774,2.928809458732605,0.031349685057997706,0.06744772267341614,0.024298186630010606,2.9175349922180174,0.0402320012152195
end_20k_303040_lvsvae_v1,67,0.6461416999809444,74.14480660005938,00:01:14,0.05694174984097481,0.023047778077423572,2.947091297149658,0.030946880266070367,0.06801677471399308,0.024348957866430283,3.0242184791564943,0.0406435981541872
end_20k_303040_lvsvae_v1,68,0.6503762999782339,74.79543130006641,00:01:15,0.05652667784690857,0.022919682726264,2.946257043838501,0.03066073800623417,0.06891411486268044,0.024069360479712486,3.0078190937042235,0.041836935475468635
end_20k_303040_lvsvae_v1,69,0.6497091999044642,75.44538920000196,00:01:15,0.0568920986354351,0.022924231491982937,2.938900527000427,0.031028966460376978,0.06656534188985824,0.02390535178780556,2.956837707519531,0.03970315206050873
end_20k_303040_lvsvae_v1,70,0.699733900022693,76.14535070001148,00:01:16,0.05630467033386231,0.02284824351966381,2.936632447242737,0.03051979421451688,0.06590835297107697,0.02377751463651657,2.970799877166748,0.03916003839671612
end_20k_303040_lvsvae_v1,71,0.9085549999726936,77.05700360005721,00:01:17,0.05629077315330505,0.02280478531867266,2.9472777967453,0.030538709968328477,0.06676443654298782,0.023846341356635093,2.94335534286499,0.03997474020719528
end_20k_303040_lvsvae_v1,72,0.9842970999889076,78.04154180001933,00:01:18,0.05585899104177952,0.02274618975073099,2.9351435832977293,0.03017765736207366,0.06672408097982406,0.023824737817049028,2.9947813549041746,0.03990456180274487
end_20k_303040_lvsvae_v1,73,0.6705549999605864,78.71239610004704,00:01:19,0.05613345208764076,0.022781118519604206,2.9381572351455687,0.0304141761213541,0.06682983052730561,0.024072138115763666,2.896710901260376,0.039860981345176696
end_20k_303040_lvsvae_v1,74,0.6470528999343514,79.35986379999667,00:01:19,0.0556113241314888,0.022693385004997253,2.9298963041305544,0.029988042667508125,0.066172556579113,0.024128204703330994,2.9358971691131592,0.03910845443606377
end_20k_303040_lvsvae_v1,75,0.6479895999655128,80.00798880006187,00:01:20,0.05532862438261509,0.02265180180221796,2.9242312030792235,0.029752591297030447,0.06779414910078049,0.02404179795086384,2.9384051837921144,0.04081394651532173
end_20k_303040_lvsvae_v1,76,0.6539149000309408,80.66226560005452,00:01:21,0.05520998191833496,0.022573379933834077,2.9458121061325073,0.02969078968465328,0.06914925193786621,0.023948032692074777,3.0016861991882324,0.04219953291118145
end_20k_303040_lvsvae_v1,77,0.6564150999765843,81.318954700022,00:01:21,0.0553622010499239,0.022586506105959414,2.944007061958313,0.029831687834113836,0.06529127103090286,0.023623619228601456,2.9481199893951415,0.03871953183412552
end_20k_303040_lvsvae_v1,78,0.9023830000078306,82.2244830999989,00:01:22,0.055829039096832275,0.022590211249887943,2.9326149835586546,0.030306212820112706,0.06725374871492386,0.023763757839798928,2.9926729011535644,0.04049731770157814
end_20k_303040_lvsvae_v1,79,0.8988952999934554,83.12362620001659,00:01:23,0.0557750653475523,0.022537320867180823,2.9254336013793947,0.030312310624867677,0.06749486982822418,0.023732141450047494,2.961484395980835,0.04080124393105507
end_20k_303040_lvsvae_v1,80,0.7474698999430984,83.87136330001522,00:01:24,0.054982532560825345,0.02238950174301863,2.9506526947021485,0.02964237793534994,0.06747339808940887,0.023666466563940048,2.96506282043457,0.040841868698596955
end_20k_303040_lvsvae_v1,81,0.6305574999423698,84.50235419999808,00:01:25,0.05528384733200073,0.022403902903199196,2.9491886711120605,0.02993075568974018,0.06608705323934555,0.023501836895942686,2.967738786697388,0.03961747732758522
end_20k_303040_lvsvae_v1,82,0.6406751999165863,85.14322379999794,00:01:25,0.05507022131979465,0.022403674580156803,2.949505717277527,0.02971704086661339,0.06625052338838577,0.02357972739636898,2.988901126861572,0.039681894540786744
end_20k_303040_lvsvae_v1,83,0.657041999977082,85.80081110005267,00:01:26,0.05426547169685364,0.02224941822886467,2.959879470825195,0.029056174073368312,0.06623260265588761,0.023415296345949174,2.991185070037842,0.03982612097263336
end_20k_303040_lvsvae_v1,84,0.6322345000226051,86.43329220009036,00:01:26,0.05521280986070633,0.022431711204349995,2.936013415336609,0.02984508516266942,0.06626206731796265,0.023415027722716333,3.04067490196228,0.03980636402964592
end_20k_303040_lvsvae_v1,85,0.6374585999874398,87.07094750006218,00:01:27,0.05434376512467861,0.022259251706302167,2.946574537277222,0.0291379387229681,0.06574775886535644,0.023427664384245872,2.9789128894805907,0.03934118142724037
end_20k_303040_lvsvae_v1,86,0.7211508000036702,87.79260140005499,00:01:28,0.054123494520783424,0.02217976010963321,2.9511282596588133,0.02899260586872697,0.06690049684047698,0.023505953252315522,2.9687809257507323,0.04042576222121715
end_20k_303040_lvsvae_v1,87,0.6373457999434322,88.43015060003381,00:01:28,0.054599437311291694,0.02225146083533764,2.944918840408325,0.02940305743739009,0.06578963273763656,0.023302317157387734,2.9776191158294676,0.03950969652831554
end_20k_303040_lvsvae_v1,88,0.6591610999312252,89.0895130999852,00:01:29,0.05375008726119995,0.02210841891542077,2.950087290763855,0.028691580697894098,0.06624911308288574,0.023297650679945946,3.0112896766662596,0.03994017261266709
end_20k_303040_lvsvae_v1,89,0.6440664000110701,89.73381080001127,00:01:30,0.05388296709954739,0.022178893625736235,2.9348971853256227,0.028769176237285136,0.0654430460035801,0.023141193985939026,3.0166563301086424,0.039285195931792256
end_20k_303040_lvsvae_v1,90,0.6580764000536874,90.3921008000616,00:01:30,0.05393332678079605,0.02212098116055131,2.939814742088318,0.028872530695050955,0.06559877526760101,0.023217800304293632,3.0018621673583983,0.039379112854599954
end_20k_303040_lvsvae_v1,91,0.680395400035195,91.07297850004397,00:01:31,0.053313765361905095,0.022006967157125475,2.949947757720947,0.02835685022547841,0.06651405853033066,0.023637241750955582,2.93113710975647,0.03994567961990833
end_20k_303040_lvsvae_v1,92,1.0147163000656292,92.08792240009643,00:01:32,0.05403747621178627,0.021997153669595718,2.9554806642532347,0.029084841694682836,0.06539335137605667,0.023177912637591364,3.0098736763000487,0.03920556500554085
end_20k_303040_lvsvae_v1,93,0.6205671000061557,92.70870459999423,00:01:33,0.053378691419959066,0.021943770080804826,2.9535964574813844,0.02848132462799549,0.06680874896049499,0.023176860868930817,2.9748417892456054,0.04065704591572285
end_20k_303040_lvsvae_v1,94,0.7043289999710396,93.41317940002773,00:01:33,0.05369420245289803,0.02199688121676445,2.9465448894500734,0.028750776417553425,0.06486327868700027,0.02306207659840584,2.9779225311279296,0.03882327902317047
end_20k_303040_lvsvae_v1,95,0.9968606999609619,94.41293130000122,00:01:34,0.05419630777835846,0.022014306768774985,2.9416851415634153,0.02924031561985612,0.06716784054040909,0.02346049864590168,3.049867563247681,0.04065747450292111
end_20k_303040_lvsvae_v1,96,1.0115835999604315,95.42473580001388,00:01:35,0.05371313053369522,0.02200918062776327,2.9500264225006103,0.028753923332318663,0.06501167529821396,0.023163479179143905,2.9850237503051757,0.03886317178606987
end_20k_303040_lvsvae_v1,97,0.7845619999570772,96.20955210004468,00:01:36,0.05357189954817295,0.021957975834608078,2.938018911361694,0.028675904728472233,0.06759872299432755,0.023566333442926406,2.9921333141326905,0.04104025614261627
end_20k_303040_lvsvae_v1,98,0.659690500004217,96.86947100004181,00:01:37,0.05332798485457897,0.021903711393475533,2.9530776681900024,0.028471195694059134,0.06512261962890625,0.023202103272080422,3.0293382663726804,0.03889117793738842
end_20k_303040_lvsvae_v1,99,0.7404302000068128,97.6101199000841,00:01:38,0.05407773400843143,0.02211623027175665,2.9565642814636233,0.029004939213395118,0.06570957362651825,0.023235629469156267,3.0157277069091797,0.03945821633934975
end_20k_303040_lvsvae_v1,100,0.6543683999916539,98.26462460006587,00:01:38,0.05315294083952904,0.02184295555204153,2.9651223402023317,0.028344862598925828,0.06570391631126404,0.023371158391237257,2.9888444480895995,0.03934391313791275
